E:\CTTC_AI_AND_ML\project\car_data\IMG\center_2019_07_01_23_05_53_387.jpg,E:\CTTC_AI_AND_ML\project\car_data\IMG\left_2019_07_01_23_05_53_387.jpg,E:\CTTC_AI_AND_ML\project\car_data\IMG\right_2019_07_01_23_05_53_387.jpg,0,0,0,7.332904E-06
E:\CTTC_AI_AND_ML\project\car_data\IMG\center_2019_07_01_23_05_53_595.jpg,E:\CTTC_AI_AND_ML\project\car_data\IMG\left_2019_07_01_23_05_53_595.jpg,E:\CTTC_AI_AND_ML\project\car_data\IMG\right_2019_07_01_23_05_53_595.jpg,0,0,0,1.669938E-05
E:\CTTC_AI_AND_ML\project\car_data\IMG\center_2019_07_01_23_05_53_781.jpg,E:\CTTC_AI_AND_ML\project\car_data\IMG\left_2019_07_01_23_05_53_781.jpg,E:\CTTC_AI_AND_ML\project\car_data\IMG\right_2019_07_01_23_05_53_781.jpg,0,0,0,6.423022E-06
E:\CTTC_AI_AND_ML\project\car_data\IMG\center_2019_07_01_23_05_54_009.jpg,E:\CTTC_AI_AND_ML\project\car_data\IMG\left_2019_07_01_23_05_54_009.jpg,E:\CTTC_AI_AND_ML\project\car_data\IMG\right_2019_07_01_23_05_54_009.jpg,0,0,0,2.491781E-06
E:\CTTC_AI_AND_ML\project\car_data\IMG\center_2019_07_01_23_05_54_207.jpg,E:\CTTC_AI_AND_ML\project\car_data\IMG\left_2019_07_01_23_05_54_207.jpg,E:\CTTC_AI_AND_ML\project\car_data\IMG\right_2019_07_01_23_05_54_207.jpg,0,0,0,1.772643E-05
E:\CTTC_AI_AND_ML\project\car_data\IMG\center_2019_07_01_23_05_54_427.jpg,E:\CTTC_AI_AND_ML\project\car_data\IMG\left_2019_07_01_23_05_54_427.jpg,E:\CTTC_AI_AND_ML\project\car_data\IMG\right_2019_07_01_23_05_54_427.jpg,0,0,0,5.957507E-06
E:\CTTC_AI_AND_ML\project\car_data\IMG\center_2019_07_01_23_05_54_632.jpg,E:\CTTC_AI_AND_ML\project\car_data\IMG\left_2019_07_01_23_05_54_632.jpg,E:\CTTC_AI_AND_ML\project\car_data\IMG\right_2019_07_01_23_05_54_632.jpg,0,0,0,1.510221E-05
E:\CTTC_AI_AND_ML\project\car_data\IMG\center_2019_07_01_23_05_54_849.jpg,E:\CTTC_AI_AND_ML\project\car_data\IMG\left_2019_07_01_23_05_54_849.jpg,E:\CTTC_AI_AND_ML\project\car_data\IMG\right_2019_07_01_23_05_54_849.jpg,0,0,0,3.467887E-06
E:\CTTC_AI_AND_ML\project\car_data\IMG\center_2019_07_01_23_05_55_073.jpg,E:\CTTC_AI_AND_ML\project\car_data\IMG\left_2019_07_01_23_05_55_073.jpg,E:\CTTC_AI_AND_ML\project\car_data\IMG\right_2019_07_01_23_05_55_073.jpg,0,0.6731145,0,1.697598
E:\CTTC_AI_AND_ML\project\car_data\IMG\center_2019_07_01_23_05_55_674.jpg,E:\CTTC_AI_AND_ML\project\car_data\IMG\left_2019_07_01_23_05_55_674.jpg,E:\CTTC_AI_AND_ML\project\car_data\IMG\right_2019_07_01_23_05_55_674.jpg,0,0,0,1.691224
E:\CTTC_AI_AND_ML\project\car_data\IMG\center_2019_07_01_23_05_55_775.jpg,E:\CTTC_AI_AND_ML\project\car_data\IMG\left_2019_07_01_23_05_55_775.jpg,E:\CTTC_AI_AND_ML\project\car_data\IMG\right_2019_07_01_23_05_55_775.jpg,0,0,0,1.67089
E:\CTTC_AI_AND_ML\project\car_data\IMG\center_2019_07_01_23_05_55_907.jpg,E:\CTTC_AI_AND_ML\project\car_data\IMG\left_2019_07_01_23_05_55_907.jpg,E:\CTTC_AI_AND_ML\project\car_data\IMG\right_2019_07_01_23_05_55_907.jpg,0,0,0,1.650801
E:\CTTC_AI_AND_ML\project\car_data\IMG\center_2019_07_01_23_05_56_011.jpg,E:\CTTC_AI_AND_ML\project\car_data\IMG\left_2019_07_01_23_05_56_011.jpg,E:\CTTC_AI_AND_ML\project\car_data\IMG\right_2019_07_01_23_05_56_011.jpg,0,0,0,1.630954
E:\CTTC_AI_AND_ML\project\car_data\IMG\center_2019_07_01_23_05_56_145.jpg,E:\CTTC_AI_AND_ML\project\car_data\IMG\left_2019_07_01_23_05_56_145.jpg,E:\CTTC_AI_AND_ML\project\car_data\IMG\right_2019_07_01_23_05_56_145.jpg,0,0,0,1.611346
E:\CTTC_AI_AND_ML\project\car_data\IMG\center_2019_07_01_23_05_56_325.jpg,E:\CTTC_AI_AND_ML\project\car_data\IMG\left_2019_07_01_23_05_56_325.jpg,E:\CTTC_AI_AND_ML\project\car_data\IMG\right_2019_07_01_23_05_56_325.jpg,-0.45,0,0,1.572224
E:\CTTC_AI_AND_ML\project\car_data\IMG\center_2019_07_01_23_05_56_538.jpg,E:\CTTC_AI_AND_ML\project\car_data\IMG\left_2019_07_01_23_05_56_538.jpg,E:\CTTC_AI_AND_ML\project\car_data\IMG\right_2019_07_01_23_05_56_538.jpg,-1,0,0,1.496636
E:\CTTC_AI_AND_ML\project\car_data\IMG\center_2019_07_01_23_05_56_772.jpg,E:\CTTC_AI_AND_ML\project\car_data\IMG\left_2019_07_01_23_05_56_772.jpg,E:\CTTC_AI_AND_ML\project\car_data\IMG\right_2019_07_01_23_05_56_772.jpg,0,0,0,1.423634
E:\CTTC_AI_AND_ML\project\car_data\IMG\center_2019_07_01_23_05_56_955.jpg,E:\CTTC_AI_AND_ML\project\car_data\IMG\left_2019_07_01_23_05_56_955.jpg,E:\CTTC_AI_AND_ML\project\car_data\IMG\right_2019_07_01_23_05_56_955.jpg,0,0,0,1.395225
E:\CTTC_AI_AND_ML\project\car_data\IMG\center_2019_07_01_23_05_57_240.jpg,E:\CTTC_AI_AND_ML\project\car_data\IMG\left_2019_07_01_23_05_57_240.jpg,E:\CTTC_AI_AND_ML\project\car_data\IMG\right_2019_07_01_23_05_57_240.jpg,0,0.6872132,0,3.162431
E:\CTTC_AI_AND_ML\project\car_data\IMG\center_2019_07_01_23_05_57_375.jpg,E:\CTTC_AI_AND_ML\project\car_data\IMG\left_2019_07_01_23_05_57_375.jpg,E:\CTTC_AI_AND_ML\project\car_data\IMG\right_2019_07_01_23_05_57_375.jpg,0,1,0,5.492485
E:\CTTC_AI_AND_ML\project\car_data\IMG\center_2019_07_01_23_05_57_610.jpg,E:\CTTC_AI_AND_ML\project\car_data\IMG\left_2019_07_01_23_05_57_610.jpg,E:\CTTC_AI_AND_ML\project\car_data\IMG\right_2019_07_01_23_05_57_610.jpg,0,1,0,8.010612
E:\CTTC_AI_AND_ML\project\car_data\IMG\center_2019_07_01_23_05_57_784.jpg,E:\CTTC_AI_AND_ML\project\car_data\IMG\left_2019_07_01_23_05_57_784.jpg,E:\CTTC_AI_AND_ML\project\car_data\IMG\right_2019_07_01_23_05_57_784.jpg,0,0.4665818,0,8.916505
E:\CTTC_AI_AND_ML\project\car_data\IMG\center_2019_07_01_23_05_58_005.jpg,E:\CTTC_AI_AND_ML\project\car_data\IMG\left_2019_07_01_23_05_58_005.jpg,E:\CTTC_AI_AND_ML\project\car_data\IMG\right_2019_07_01_23_05_58_005.jpg,0,0,0,8.754463
E:\CTTC_AI_AND_ML\project\car_data\IMG\center_2019_07_01_23_05_58_194.jpg,E:\CTTC_AI_AND_ML\project\car_data\IMG\left_2019_07_01_23_05_58_194.jpg,E:\CTTC_AI_AND_ML\project\car_data\IMG\right_2019_07_01_23_05_58_194.jpg,0,0,0,8.579807
E:\CTTC_AI_AND_ML\project\car_data\IMG\center_2019_07_01_23_05_58_456.jpg,E:\CTTC_AI_AND_ML\project\car_data\IMG\left_2019_07_01_23_05_58_456.jpg,E:\CTTC_AI_AND_ML\project\car_data\IMG\right_2019_07_01_23_05_58_456.jpg,0,0.7748176,0,10.55032
E:\CTTC_AI_AND_ML\project\car_data\IMG\center_2019_07_01_23_05_58_732.jpg,E:\CTTC_AI_AND_ML\project\car_data\IMG\left_2019_07_01_23_05_58_732.jpg,E:\CTTC_AI_AND_ML\project\car_data\IMG\right_2019_07_01_23_05_58_732.jpg,0,1,0,12.46621
E:\CTTC_AI_AND_ML\project\car_data\IMG\center_2019_07_01_23_05_58_913.jpg,E:\CTTC_AI_AND_ML\project\car_data\IMG\left_2019_07_01_23_05_58_913.jpg,E:\CTTC_AI_AND_ML\project\car_data\IMG\right_2019_07_01_23_05_58_913.jpg,-0.6000001,0.2957026,0,12.83382
E:\CTTC_AI_AND_ML\project\car_data\IMG\center_2019_07_01_23_05_59_153.jpg,E:\CTTC_AI_AND_ML\project\car_data\IMG\left_2019_07_01_23_05_59_153.jpg,E:\CTTC_AI_AND_ML\project\car_data\IMG\right_2019_07_01_23_05_59_153.jpg,-1,0,0,12.59308
E:\CTTC_AI_AND_ML\project\car_data\IMG\center_2019_07_01_23_05_59_411.jpg,E:\CTTC_AI_AND_ML\project\car_data\IMG\left_2019_07_01_23_05_59_411.jpg,E:\CTTC_AI_AND_ML\project\car_data\IMG\right_2019_07_01_23_05_59_411.jpg,-1,0,0,11.96797
E:\CTTC_AI_AND_ML\project\car_data\IMG\center_2019_07_01_23_05_59_766.jpg,E:\CTTC_AI_AND_ML\project\car_data\IMG\left_2019_07_01_23_05_59_766.jpg,E:\CTTC_AI_AND_ML\project\car_data\IMG\right_2019_07_01_23_05_59_766.jpg,0,0,0,11.44734
E:\CTTC_AI_AND_ML\project\car_data\IMG\center_2019_07_01_23_05_59_970.jpg,E:\CTTC_AI_AND_ML\project\car_data\IMG\left_2019_07_01_23_05_59_970.jpg,E:\CTTC_AI_AND_ML\project\car_data\IMG\right_2019_07_01_23_05_59_970.jpg,0,0,0,11.11879
E:\CTTC_AI_AND_ML\project\car_data\IMG\center_2019_07_01_23_06_00_064.jpg,E:\CTTC_AI_AND_ML\project\car_data\IMG\left_2019_07_01_23_06_00_064.jpg,E:\CTTC_AI_AND_ML\project\car_data\IMG\right_2019_07_01_23_06_00_064.jpg,-0.6000001,0,0,10.72517
E:\CTTC_AI_AND_ML\project\car_data\IMG\center_2019_07_01_23_06_00_232.jpg,E:\CTTC_AI_AND_ML\project\car_data\IMG\left_2019_07_01_23_06_00_232.jpg,E:\CTTC_AI_AND_ML\project\car_data\IMG\right_2019_07_01_23_06_00_232.jpg,0,0,0,10.5021
E:\CTTC_AI_AND_ML\project\car_data\IMG\center_2019_07_01_23_06_00_434.jpg,E:\CTTC_AI_AND_ML\project\car_data\IMG\left_2019_07_01_23_06_00_434.jpg,E:\CTTC_AI_AND_ML\project\car_data\IMG\right_2019_07_01_23_06_00_434.jpg,0,0,0,10.29171
E:\CTTC_AI_AND_ML\project\car_data\IMG\center_2019_07_01_23_06_00_591.jpg,E:\CTTC_AI_AND_ML\project\car_data\IMG\left_2019_07_01_23_06_00_591.jpg,E:\CTTC_AI_AND_ML\project\car_data\IMG\right_2019_07_01_23_06_00_591.jpg,0,0,0,10.12694
E:\CTTC_AI_AND_ML\project\car_data\IMG\center_2019_07_01_23_06_00_811.jpg,E:\CTTC_AI_AND_ML\project\car_data\IMG\left_2019_07_01_23_06_00_811.jpg,E:\CTTC_AI_AND_ML\project\car_data\IMG\right_2019_07_01_23_06_00_811.jpg,0,0,0,9.904689
E:\CTTC_AI_AND_ML\project\car_data\IMG\center_2019_07_01_23_06_00_993.jpg,E:\CTTC_AI_AND_ML\project\car_data\IMG\left_2019_07_01_23_06_00_993.jpg,E:\CTTC_AI_AND_ML\project\car_data\IMG\right_2019_07_01_23_06_00_993.jpg,0,0,0,9.726484
E:\CTTC_AI_AND_ML\project\car_data\IMG\center_2019_07_01_23_06_01_257.jpg,E:\CTTC_AI_AND_ML\project\car_data\IMG\left_2019_07_01_23_06_01_257.jpg,E:\CTTC_AI_AND_ML\project\car_data\IMG\right_2019_07_01_23_06_01_257.jpg,0,0,0,9.455624
E:\CTTC_AI_AND_ML\project\car_data\IMG\center_2019_07_01_23_06_01_439.jpg,E:\CTTC_AI_AND_ML\project\car_data\IMG\left_2019_07_01_23_06_01_439.jpg,E:\CTTC_AI_AND_ML\project\car_data\IMG\right_2019_07_01_23_06_01_439.jpg,0,0,0,9.285419
E:\CTTC_AI_AND_ML\project\car_data\IMG\center_2019_07_01_23_06_01_676.jpg,E:\CTTC_AI_AND_ML\project\car_data\IMG\left_2019_07_01_23_06_01_676.jpg,E:\CTTC_AI_AND_ML\project\car_data\IMG\right_2019_07_01_23_06_01_676.jpg,0,0,0,9.081499
E:\CTTC_AI_AND_ML\project\car_data\IMG\center_2019_07_01_23_06_01_837.jpg,E:\CTTC_AI_AND_ML\project\car_data\IMG\left_2019_07_01_23_06_01_837.jpg,E:\CTTC_AI_AND_ML\project\car_data\IMG\right_2019_07_01_23_06_01_837.jpg,0,0,0,8.918106
E:\CTTC_AI_AND_ML\project\car_data\IMG\center_2019_07_01_23_06_02_079.jpg,E:\CTTC_AI_AND_ML\project\car_data\IMG\left_2019_07_01_23_06_02_079.jpg,E:\CTTC_AI_AND_ML\project\car_data\IMG\right_2019_07_01_23_06_02_079.jpg,0,0,0,8.704818
E:\CTTC_AI_AND_ML\project\car_data\IMG\center_2019_07_01_23_06_02_277.jpg,E:\CTTC_AI_AND_ML\project\car_data\IMG\left_2019_07_01_23_06_02_277.jpg,E:\CTTC_AI_AND_ML\project\car_data\IMG\right_2019_07_01_23_06_02_277.jpg,0,0,0,8.530808
E:\CTTC_AI_AND_ML\project\car_data\IMG\center_2019_07_01_23_06_02_499.jpg,E:\CTTC_AI_AND_ML\project\car_data\IMG\left_2019_07_01_23_06_02_499.jpg,E:\CTTC_AI_AND_ML\project\car_data\IMG\right_2019_07_01_23_06_02_499.jpg,0,0,0,8.343595
E:\CTTC_AI_AND_ML\project\car_data\IMG\center_2019_07_01_23_06_02_687.jpg,E:\CTTC_AI_AND_ML\project\car_data\IMG\left_2019_07_01_23_06_02_687.jpg,E:\CTTC_AI_AND_ML\project\car_data\IMG\right_2019_07_01_23_06_02_687.jpg,-0.45,0,0,8.138665
E:\CTTC_AI_AND_ML\project\car_data\IMG\center_2019_07_01_23_06_02_911.jpg,E:\CTTC_AI_AND_ML\project\car_data\IMG\left_2019_07_01_23_06_02_911.jpg,E:\CTTC_AI_AND_ML\project\car_data\IMG\right_2019_07_01_23_06_02_911.jpg,-0.9500002,0,0,7.795295
E:\CTTC_AI_AND_ML\project\car_data\IMG\center_2019_07_01_23_06_03_086.jpg,E:\CTTC_AI_AND_ML\project\car_data\IMG\left_2019_07_01_23_06_03_086.jpg,E:\CTTC_AI_AND_ML\project\car_data\IMG\right_2019_07_01_23_06_03_086.jpg,0,0,0,7.50262
E:\CTTC_AI_AND_ML\project\car_data\IMG\center_2019_07_01_23_06_03_471.jpg,E:\CTTC_AI_AND_ML\project\car_data\IMG\left_2019_07_01_23_06_03_471.jpg,E:\CTTC_AI_AND_ML\project\car_data\IMG\right_2019_07_01_23_06_03_471.jpg,0,0,0,7.249495
E:\CTTC_AI_AND_ML\project\car_data\IMG\center_2019_07_01_23_06_03_615.jpg,E:\CTTC_AI_AND_ML\project\car_data\IMG\left_2019_07_01_23_06_03_615.jpg,E:\CTTC_AI_AND_ML\project\car_data\IMG\right_2019_07_01_23_06_03_615.jpg,0,0,0,7.147851
E:\CTTC_AI_AND_ML\project\car_data\IMG\center_2019_07_01_23_06_03_867.jpg,E:\CTTC_AI_AND_ML\project\car_data\IMG\left_2019_07_01_23_06_03_867.jpg,E:\CTTC_AI_AND_ML\project\car_data\IMG\right_2019_07_01_23_06_03_867.jpg,0,0,0,6.962851
E:\CTTC_AI_AND_ML\project\car_data\IMG\center_2019_07_01_23_06_04_064.jpg,E:\CTTC_AI_AND_ML\project\car_data\IMG\left_2019_07_01_23_06_04_064.jpg,E:\CTTC_AI_AND_ML\project\car_data\IMG\right_2019_07_01_23_06_04_064.jpg,0,0,0,6.823809
E:\CTTC_AI_AND_ML\project\car_data\IMG\center_2019_07_01_23_06_04_275.jpg,E:\CTTC_AI_AND_ML\project\car_data\IMG\left_2019_07_01_23_06_04_275.jpg,E:\CTTC_AI_AND_ML\project\car_data\IMG\right_2019_07_01_23_06_04_275.jpg,0,0,0,6.687477
E:\CTTC_AI_AND_ML\project\car_data\IMG\center_2019_07_01_23_06_04_518.jpg,E:\CTTC_AI_AND_ML\project\car_data\IMG\left_2019_07_01_23_06_04_518.jpg,E:\CTTC_AI_AND_ML\project\car_data\IMG\right_2019_07_01_23_06_04_518.jpg,0,0,0,6.540723
E:\CTTC_AI_AND_ML\project\car_data\IMG\center_2019_07_01_23_06_04_697.jpg,E:\CTTC_AI_AND_ML\project\car_data\IMG\left_2019_07_01_23_06_04_697.jpg,E:\CTTC_AI_AND_ML\project\car_data\IMG\right_2019_07_01_23_06_04_697.jpg,0,0.6004343,0,7.823053
E:\CTTC_AI_AND_ML\project\car_data\IMG\center_2019_07_01_23_06_04_927.jpg,E:\CTTC_AI_AND_ML\project\car_data\IMG\left_2019_07_01_23_06_04_927.jpg,E:\CTTC_AI_AND_ML\project\car_data\IMG\right_2019_07_01_23_06_04_927.jpg,0,1,0,10.4863
E:\CTTC_AI_AND_ML\project\car_data\IMG\center_2019_07_01_23_06_05_163.jpg,E:\CTTC_AI_AND_ML\project\car_data\IMG\left_2019_07_01_23_06_05_163.jpg,E:\CTTC_AI_AND_ML\project\car_data\IMG\right_2019_07_01_23_06_05_163.jpg,0,0.2984731,0,11.15671
E:\CTTC_AI_AND_ML\project\car_data\IMG\center_2019_07_01_23_06_05_334.jpg,E:\CTTC_AI_AND_ML\project\car_data\IMG\left_2019_07_01_23_06_05_334.jpg,E:\CTTC_AI_AND_ML\project\car_data\IMG\right_2019_07_01_23_06_05_334.jpg,-0.4,0,0,10.94828
E:\CTTC_AI_AND_ML\project\car_data\IMG\center_2019_07_01_23_06_05_597.jpg,E:\CTTC_AI_AND_ML\project\car_data\IMG\left_2019_07_01_23_06_05_597.jpg,E:\CTTC_AI_AND_ML\project\car_data\IMG\right_2019_07_01_23_06_05_597.jpg,0,0,0,10.6476
E:\CTTC_AI_AND_ML\project\car_data\IMG\center_2019_07_01_23_06_05_799.jpg,E:\CTTC_AI_AND_ML\project\car_data\IMG\left_2019_07_01_23_06_05_799.jpg,E:\CTTC_AI_AND_ML\project\car_data\IMG\right_2019_07_01_23_06_05_799.jpg,0,0,0,10.43491
E:\CTTC_AI_AND_ML\project\car_data\IMG\center_2019_07_01_23_06_06_385.jpg,E:\CTTC_AI_AND_ML\project\car_data\IMG\left_2019_07_01_23_06_06_385.jpg,E:\CTTC_AI_AND_ML\project\car_data\IMG\right_2019_07_01_23_06_06_385.jpg,-0.8500001,0,0,9.844033
E:\CTTC_AI_AND_ML\project\car_data\IMG\center_2019_07_01_23_06_06_458.jpg,E:\CTTC_AI_AND_ML\project\car_data\IMG\left_2019_07_01_23_06_06_458.jpg,E:\CTTC_AI_AND_ML\project\car_data\IMG\right_2019_07_01_23_06_06_458.jpg,0,0,0,9.658957
E:\CTTC_AI_AND_ML\project\car_data\IMG\center_2019_07_01_23_06_06_588.jpg,E:\CTTC_AI_AND_ML\project\car_data\IMG\left_2019_07_01_23_06_06_588.jpg,E:\CTTC_AI_AND_ML\project\car_data\IMG\right_2019_07_01_23_06_06_588.jpg,0,0,0,9.529088
E:\CTTC_AI_AND_ML\project\car_data\IMG\center_2019_07_01_23_06_06_812.jpg,E:\CTTC_AI_AND_ML\project\car_data\IMG\left_2019_07_01_23_06_06_812.jpg,E:\CTTC_AI_AND_ML\project\car_data\IMG\right_2019_07_01_23_06_06_812.jpg,0,0,0,9.319514
E:\CTTC_AI_AND_ML\project\car_data\IMG\center_2019_07_01_23_06_07_113.jpg,E:\CTTC_AI_AND_ML\project\car_data\IMG\left_2019_07_01_23_06_07_113.jpg,E:\CTTC_AI_AND_ML\project\car_data\IMG\right_2019_07_01_23_06_07_113.jpg,-0.7500002,0,0,8.875703
E:\CTTC_AI_AND_ML\project\car_data\IMG\center_2019_07_01_23_06_07_353.jpg,E:\CTTC_AI_AND_ML\project\car_data\IMG\left_2019_07_01_23_06_07_353.jpg,E:\CTTC_AI_AND_ML\project\car_data\IMG\right_2019_07_01_23_06_07_353.jpg,0,0,0,8.579967
E:\CTTC_AI_AND_ML\project\car_data\IMG\center_2019_07_01_23_06_07_651.jpg,E:\CTTC_AI_AND_ML\project\car_data\IMG\left_2019_07_01_23_06_07_651.jpg,E:\CTTC_AI_AND_ML\project\car_data\IMG\right_2019_07_01_23_06_07_651.jpg,0,0,0,8.324062
E:\CTTC_AI_AND_ML\project\car_data\IMG\center_2019_07_01_23_06_07_820.jpg,E:\CTTC_AI_AND_ML\project\car_data\IMG\left_2019_07_01_23_06_07_820.jpg,E:\CTTC_AI_AND_ML\project\car_data\IMG\right_2019_07_01_23_06_07_820.jpg,0,0.5121732,0,9.251588
E:\CTTC_AI_AND_ML\project\car_data\IMG\center_2019_07_01_23_06_08_074.jpg,E:\CTTC_AI_AND_ML\project\car_data\IMG\left_2019_07_01_23_06_08_074.jpg,E:\CTTC_AI_AND_ML\project\car_data\IMG\right_2019_07_01_23_06_08_074.jpg,0,0,0,9.068305
E:\CTTC_AI_AND_ML\project\car_data\IMG\center_2019_07_01_23_06_08_337.jpg,E:\CTTC_AI_AND_ML\project\car_data\IMG\left_2019_07_01_23_06_08_337.jpg,E:\CTTC_AI_AND_ML\project\car_data\IMG\right_2019_07_01_23_06_08_337.jpg,0,0.6476685,0,10.53482
E:\CTTC_AI_AND_ML\project\car_data\IMG\center_2019_07_01_23_06_08_531.jpg,E:\CTTC_AI_AND_ML\project\car_data\IMG\left_2019_07_01_23_06_08_531.jpg,E:\CTTC_AI_AND_ML\project\car_data\IMG\right_2019_07_01_23_06_08_531.jpg,0,0,0,10.33442
E:\CTTC_AI_AND_ML\project\car_data\IMG\center_2019_07_01_23_06_08_724.jpg,E:\CTTC_AI_AND_ML\project\car_data\IMG\left_2019_07_01_23_06_08_724.jpg,E:\CTTC_AI_AND_ML\project\car_data\IMG\right_2019_07_01_23_06_08_724.jpg,-0.5000001,0,0,10.04693
E:\CTTC_AI_AND_ML\project\car_data\IMG\center_2019_07_01_23_06_08_929.jpg,E:\CTTC_AI_AND_ML\project\car_data\IMG\left_2019_07_01_23_06_08_929.jpg,E:\CTTC_AI_AND_ML\project\car_data\IMG\right_2019_07_01_23_06_08_929.jpg,-1,0,0,9.609143
E:\CTTC_AI_AND_ML\project\car_data\IMG\center_2019_07_01_23_06_09_136.jpg,E:\CTTC_AI_AND_ML\project\car_data\IMG\left_2019_07_01_23_06_09_136.jpg,E:\CTTC_AI_AND_ML\project\car_data\IMG\right_2019_07_01_23_06_09_136.jpg,0,0,0,9.224313
E:\CTTC_AI_AND_ML\project\car_data\IMG\center_2019_07_01_23_06_09_384.jpg,E:\CTTC_AI_AND_ML\project\car_data\IMG\left_2019_07_01_23_06_09_384.jpg,E:\CTTC_AI_AND_ML\project\car_data\IMG\right_2019_07_01_23_06_09_384.jpg,-0.6000001,0,0,8.902962
E:\CTTC_AI_AND_ML\project\car_data\IMG\center_2019_07_01_23_06_09_675.jpg,E:\CTTC_AI_AND_ML\project\car_data\IMG\left_2019_07_01_23_06_09_675.jpg,E:\CTTC_AI_AND_ML\project\car_data\IMG\right_2019_07_01_23_06_09_675.jpg,0,0,0,8.606769
E:\CTTC_AI_AND_ML\project\car_data\IMG\center_2019_07_01_23_06_09_811.jpg,E:\CTTC_AI_AND_ML\project\car_data\IMG\left_2019_07_01_23_06_09_811.jpg,E:\CTTC_AI_AND_ML\project\car_data\IMG\right_2019_07_01_23_06_09_811.jpg,0,0,0,8.486078
E:\CTTC_AI_AND_ML\project\car_data\IMG\center_2019_07_01_23_06_10_022.jpg,E:\CTTC_AI_AND_ML\project\car_data\IMG\left_2019_07_01_23_06_10_022.jpg,E:\CTTC_AI_AND_ML\project\car_data\IMG\right_2019_07_01_23_06_10_022.jpg,0,0,0,8.299846
E:\CTTC_AI_AND_ML\project\car_data\IMG\center_2019_07_01_23_06_10_266.jpg,E:\CTTC_AI_AND_ML\project\car_data\IMG\left_2019_07_01_23_06_10_266.jpg,E:\CTTC_AI_AND_ML\project\car_data\IMG\right_2019_07_01_23_06_10_266.jpg,0,0.7196134,0,10.12718
E:\CTTC_AI_AND_ML\project\car_data\IMG\center_2019_07_01_23_06_10_437.jpg,E:\CTTC_AI_AND_ML\project\car_data\IMG\left_2019_07_01_23_06_10_437.jpg,E:\CTTC_AI_AND_ML\project\car_data\IMG\right_2019_07_01_23_06_10_437.jpg,0,1,0,11.8424
E:\CTTC_AI_AND_ML\project\car_data\IMG\center_2019_07_01_23_06_10_737.jpg,E:\CTTC_AI_AND_ML\project\car_data\IMG\left_2019_07_01_23_06_10_737.jpg,E:\CTTC_AI_AND_ML\project\car_data\IMG\right_2019_07_01_23_06_10_737.jpg,0,0.1295196,0,11.96532
E:\CTTC_AI_AND_ML\project\car_data\IMG\center_2019_07_01_23_06_11_032.jpg,E:\CTTC_AI_AND_ML\project\car_data\IMG\left_2019_07_01_23_06_11_032.jpg,E:\CTTC_AI_AND_ML\project\car_data\IMG\right_2019_07_01_23_06_11_032.jpg,-0.45,0,0,12.03521
E:\CTTC_AI_AND_ML\project\car_data\IMG\center_2019_07_01_23_06_11_189.jpg,E:\CTTC_AI_AND_ML\project\car_data\IMG\left_2019_07_01_23_06_11_189.jpg,E:\CTTC_AI_AND_ML\project\car_data\IMG\right_2019_07_01_23_06_11_189.jpg,-0.9500002,0,0,11.49771
E:\CTTC_AI_AND_ML\project\car_data\IMG\center_2019_07_01_23_06_11_353.jpg,E:\CTTC_AI_AND_ML\project\car_data\IMG\left_2019_07_01_23_06_11_353.jpg,E:\CTTC_AI_AND_ML\project\car_data\IMG\right_2019_07_01_23_06_11_353.jpg,0,0,0,11.11183
E:\CTTC_AI_AND_ML\project\car_data\IMG\center_2019_07_01_23_06_11_439.jpg,E:\CTTC_AI_AND_ML\project\car_data\IMG\left_2019_07_01_23_06_11_439.jpg,E:\CTTC_AI_AND_ML\project\car_data\IMG\right_2019_07_01_23_06_11_439.jpg,0,0,0,10.93226
E:\CTTC_AI_AND_ML\project\car_data\IMG\center_2019_07_01_23_06_11_667.jpg,E:\CTTC_AI_AND_ML\project\car_data\IMG\left_2019_07_01_23_06_11_667.jpg,E:\CTTC_AI_AND_ML\project\car_data\IMG\right_2019_07_01_23_06_11_667.jpg,0,0,0,10.69228
E:\CTTC_AI_AND_ML\project\car_data\IMG\center_2019_07_01_23_06_11_826.jpg,E:\CTTC_AI_AND_ML\project\car_data\IMG\left_2019_07_01_23_06_11_826.jpg,E:\CTTC_AI_AND_ML\project\car_data\IMG\right_2019_07_01_23_06_11_826.jpg,0,0,0,10.52108
E:\CTTC_AI_AND_ML\project\car_data\IMG\center_2019_07_01_23_06_12_133.jpg,E:\CTTC_AI_AND_ML\project\car_data\IMG\left_2019_07_01_23_06_12_133.jpg,E:\CTTC_AI_AND_ML\project\car_data\IMG\right_2019_07_01_23_06_12_133.jpg,0,0.7052766,0,12.03197
E:\CTTC_AI_AND_ML\project\car_data\IMG\center_2019_07_01_23_06_12_362.jpg,E:\CTTC_AI_AND_ML\project\car_data\IMG\left_2019_07_01_23_06_12_362.jpg,E:\CTTC_AI_AND_ML\project\car_data\IMG\right_2019_07_01_23_06_12_362.jpg,0,0.1763417,0,12.20603
E:\CTTC_AI_AND_ML\project\car_data\IMG\center_2019_07_01_23_06_12_567.jpg,E:\CTTC_AI_AND_ML\project\car_data\IMG\left_2019_07_01_23_06_12_567.jpg,E:\CTTC_AI_AND_ML\project\car_data\IMG\right_2019_07_01_23_06_12_567.jpg,0,0.8442587,0,14.40492
E:\CTTC_AI_AND_ML\project\car_data\IMG\center_2019_07_01_23_06_12_807.jpg,E:\CTTC_AI_AND_ML\project\car_data\IMG\left_2019_07_01_23_06_12_807.jpg,E:\CTTC_AI_AND_ML\project\car_data\IMG\right_2019_07_01_23_06_12_807.jpg,0,0.2118312,0,14.52352
E:\CTTC_AI_AND_ML\project\car_data\IMG\center_2019_07_01_23_06_13_035.jpg,E:\CTTC_AI_AND_ML\project\car_data\IMG\left_2019_07_01_23_06_13_035.jpg,E:\CTTC_AI_AND_ML\project\car_data\IMG\right_2019_07_01_23_06_13_035.jpg,-0.6000001,0,0,14.07249
E:\CTTC_AI_AND_ML\project\car_data\IMG\center_2019_07_01_23_06_13_224.jpg,E:\CTTC_AI_AND_ML\project\car_data\IMG\left_2019_07_01_23_06_13_224.jpg,E:\CTTC_AI_AND_ML\project\car_data\IMG\right_2019_07_01_23_06_13_224.jpg,0,0,0,13.72295
E:\CTTC_AI_AND_ML\project\car_data\IMG\center_2019_07_01_23_06_13_436.jpg,E:\CTTC_AI_AND_ML\project\car_data\IMG\left_2019_07_01_23_06_13_436.jpg,E:\CTTC_AI_AND_ML\project\car_data\IMG\right_2019_07_01_23_06_13_436.jpg,0,0,0,13.49526
E:\CTTC_AI_AND_ML\project\car_data\IMG\center_2019_07_01_23_06_13_633.jpg,E:\CTTC_AI_AND_ML\project\car_data\IMG\left_2019_07_01_23_06_13_633.jpg,E:\CTTC_AI_AND_ML\project\car_data\IMG\right_2019_07_01_23_06_13_633.jpg,0,0.6538855,0,14.83011
E:\CTTC_AI_AND_ML\project\car_data\IMG\center_2019_07_01_23_06_13_842.jpg,E:\CTTC_AI_AND_ML\project\car_data\IMG\left_2019_07_01_23_06_13_842.jpg,E:\CTTC_AI_AND_ML\project\car_data\IMG\right_2019_07_01_23_06_13_842.jpg,0,0.09743685,0,14.8736
E:\CTTC_AI_AND_ML\project\car_data\IMG\center_2019_07_01_23_06_14_032.jpg,E:\CTTC_AI_AND_ML\project\car_data\IMG\left_2019_07_01_23_06_14_032.jpg,E:\CTTC_AI_AND_ML\project\car_data\IMG\right_2019_07_01_23_06_14_032.jpg,0,0,0,14.55789
E:\CTTC_AI_AND_ML\project\car_data\IMG\center_2019_07_01_23_06_14_284.jpg,E:\CTTC_AI_AND_ML\project\car_data\IMG\left_2019_07_01_23_06_14_284.jpg,E:\CTTC_AI_AND_ML\project\car_data\IMG\right_2019_07_01_23_06_14_284.jpg,0,0,0,14.27599
E:\CTTC_AI_AND_ML\project\car_data\IMG\center_2019_07_01_23_06_14_501.jpg,E:\CTTC_AI_AND_ML\project\car_data\IMG\left_2019_07_01_23_06_14_501.jpg,E:\CTTC_AI_AND_ML\project\car_data\IMG\right_2019_07_01_23_06_14_501.jpg,0,0.8454107,0,16.46798
E:\CTTC_AI_AND_ML\project\car_data\IMG\center_2019_07_01_23_06_14_593.jpg,E:\CTTC_AI_AND_ML\project\car_data\IMG\left_2019_07_01_23_06_14_593.jpg,E:\CTTC_AI_AND_ML\project\car_data\IMG\right_2019_07_01_23_06_14_593.jpg,0,1,0,18.62005
E:\CTTC_AI_AND_ML\project\car_data\IMG\center_2019_07_01_23_06_14_833.jpg,E:\CTTC_AI_AND_ML\project\car_data\IMG\left_2019_07_01_23_06_14_833.jpg,E:\CTTC_AI_AND_ML\project\car_data\IMG\right_2019_07_01_23_06_14_833.jpg,0,0.2808225,0,18.95202
E:\CTTC_AI_AND_ML\project\car_data\IMG\center_2019_07_01_23_06_15_039.jpg,E:\CTTC_AI_AND_ML\project\car_data\IMG\left_2019_07_01_23_06_15_039.jpg,E:\CTTC_AI_AND_ML\project\car_data\IMG\right_2019_07_01_23_06_15_039.jpg,0,0.8287828,0,20.60317
E:\CTTC_AI_AND_ML\project\car_data\IMG\center_2019_07_01_23_06_15_202.jpg,E:\CTTC_AI_AND_ML\project\car_data\IMG\left_2019_07_01_23_06_15_202.jpg,E:\CTTC_AI_AND_ML\project\car_data\IMG\right_2019_07_01_23_06_15_202.jpg,0,0.2650822,0,20.7857
E:\CTTC_AI_AND_ML\project\car_data\IMG\center_2019_07_01_23_06_15_369.jpg,E:\CTTC_AI_AND_ML\project\car_data\IMG\left_2019_07_01_23_06_15_369.jpg,E:\CTTC_AI_AND_ML\project\car_data\IMG\right_2019_07_01_23_06_15_369.jpg,0,0.7689206,0,21.90913
E:\CTTC_AI_AND_ML\project\car_data\IMG\center_2019_07_01_23_06_15_569.jpg,E:\CTTC_AI_AND_ML\project\car_data\IMG\left_2019_07_01_23_06_15_569.jpg,E:\CTTC_AI_AND_ML\project\car_data\IMG\right_2019_07_01_23_06_15_569.jpg,0,0.1702873,0,21.88393
E:\CTTC_AI_AND_ML\project\car_data\IMG\center_2019_07_01_23_06_15_767.jpg,E:\CTTC_AI_AND_ML\project\car_data\IMG\left_2019_07_01_23_06_15_767.jpg,E:\CTTC_AI_AND_ML\project\car_data\IMG\right_2019_07_01_23_06_15_767.jpg,0,0.7307335,0,23.19179
E:\CTTC_AI_AND_ML\project\car_data\IMG\center_2019_07_01_23_06_15_969.jpg,E:\CTTC_AI_AND_ML\project\car_data\IMG\left_2019_07_01_23_06_15_969.jpg,E:\CTTC_AI_AND_ML\project\car_data\IMG\right_2019_07_01_23_06_15_969.jpg,-0.5000001,0.0931949,0,22.83538
E:\CTTC_AI_AND_ML\project\car_data\IMG\center_2019_07_01_23_06_16_200.jpg,E:\CTTC_AI_AND_ML\project\car_data\IMG\left_2019_07_01_23_06_16_200.jpg,E:\CTTC_AI_AND_ML\project\car_data\IMG\right_2019_07_01_23_06_16_200.jpg,0,0,0,22.19316
E:\CTTC_AI_AND_ML\project\car_data\IMG\center_2019_07_01_23_06_16_363.jpg,E:\CTTC_AI_AND_ML\project\car_data\IMG\left_2019_07_01_23_06_16_363.jpg,E:\CTTC_AI_AND_ML\project\car_data\IMG\right_2019_07_01_23_06_16_363.jpg,0,0,0,21.81907
E:\CTTC_AI_AND_ML\project\car_data\IMG\center_2019_07_01_23_06_16_588.jpg,E:\CTTC_AI_AND_ML\project\car_data\IMG\left_2019_07_01_23_06_16_588.jpg,E:\CTTC_AI_AND_ML\project\car_data\IMG\right_2019_07_01_23_06_16_588.jpg,0,0,0,21.61009
E:\CTTC_AI_AND_ML\project\car_data\IMG\center_2019_07_01_23_06_16_806.jpg,E:\CTTC_AI_AND_ML\project\car_data\IMG\left_2019_07_01_23_06_16_806.jpg,E:\CTTC_AI_AND_ML\project\car_data\IMG\right_2019_07_01_23_06_16_806.jpg,0,0,0,20.84281
E:\CTTC_AI_AND_ML\project\car_data\IMG\center_2019_07_01_23_06_17_002.jpg,E:\CTTC_AI_AND_ML\project\car_data\IMG\left_2019_07_01_23_06_17_002.jpg,E:\CTTC_AI_AND_ML\project\car_data\IMG\right_2019_07_01_23_06_17_002.jpg,0,0,0,20.40452
E:\CTTC_AI_AND_ML\project\car_data\IMG\center_2019_07_01_23_06_17_183.jpg,E:\CTTC_AI_AND_ML\project\car_data\IMG\left_2019_07_01_23_06_17_183.jpg,E:\CTTC_AI_AND_ML\project\car_data\IMG\right_2019_07_01_23_06_17_183.jpg,0,0,0,20.35831
E:\CTTC_AI_AND_ML\project\car_data\IMG\center_2019_07_01_23_06_17_390.jpg,E:\CTTC_AI_AND_ML\project\car_data\IMG\left_2019_07_01_23_06_17_390.jpg,E:\CTTC_AI_AND_ML\project\car_data\IMG\right_2019_07_01_23_06_17_390.jpg,0,0.6186034,0,21.27653
E:\CTTC_AI_AND_ML\project\car_data\IMG\center_2019_07_01_23_06_17_574.jpg,E:\CTTC_AI_AND_ML\project\car_data\IMG\left_2019_07_01_23_06_17_574.jpg,E:\CTTC_AI_AND_ML\project\car_data\IMG\right_2019_07_01_23_06_17_574.jpg,-0.5000001,0.06821424,0,20.91678
E:\CTTC_AI_AND_ML\project\car_data\IMG\center_2019_07_01_23_06_17_807.jpg,E:\CTTC_AI_AND_ML\project\car_data\IMG\left_2019_07_01_23_06_17_807.jpg,E:\CTTC_AI_AND_ML\project\car_data\IMG\right_2019_07_01_23_06_17_807.jpg,-1,0,0,19.74689
E:\CTTC_AI_AND_ML\project\car_data\IMG\center_2019_07_01_23_06_17_970.jpg,E:\CTTC_AI_AND_ML\project\car_data\IMG\left_2019_07_01_23_06_17_970.jpg,E:\CTTC_AI_AND_ML\project\car_data\IMG\right_2019_07_01_23_06_17_970.jpg,-1,0,0,19.09118
E:\CTTC_AI_AND_ML\project\car_data\IMG\center_2019_07_01_23_06_18_210.jpg,E:\CTTC_AI_AND_ML\project\car_data\IMG\left_2019_07_01_23_06_18_210.jpg,E:\CTTC_AI_AND_ML\project\car_data\IMG\right_2019_07_01_23_06_18_210.jpg,0,0,0,18.32485
E:\CTTC_AI_AND_ML\project\car_data\IMG\center_2019_07_01_23_06_18_392.jpg,E:\CTTC_AI_AND_ML\project\car_data\IMG\left_2019_07_01_23_06_18_392.jpg,E:\CTTC_AI_AND_ML\project\car_data\IMG\right_2019_07_01_23_06_18_392.jpg,0,0,0,17.90217
E:\CTTC_AI_AND_ML\project\car_data\IMG\center_2019_07_01_23_06_18_624.jpg,E:\CTTC_AI_AND_ML\project\car_data\IMG\left_2019_07_01_23_06_18_624.jpg,E:\CTTC_AI_AND_ML\project\car_data\IMG\right_2019_07_01_23_06_18_624.jpg,0,0,0,18.00979
E:\CTTC_AI_AND_ML\project\car_data\IMG\center_2019_07_01_23_06_18_823.jpg,E:\CTTC_AI_AND_ML\project\car_data\IMG\left_2019_07_01_23_06_18_823.jpg,E:\CTTC_AI_AND_ML\project\car_data\IMG\right_2019_07_01_23_06_18_823.jpg,0,0,0,17.65578
E:\CTTC_AI_AND_ML\project\car_data\IMG\center_2019_07_01_23_06_18_965.jpg,E:\CTTC_AI_AND_ML\project\car_data\IMG\left_2019_07_01_23_06_18_965.jpg,E:\CTTC_AI_AND_ML\project\car_data\IMG\right_2019_07_01_23_06_18_965.jpg,0,0,0,16.87694
E:\CTTC_AI_AND_ML\project\car_data\IMG\center_2019_07_01_23_06_19_169.jpg,E:\CTTC_AI_AND_ML\project\car_data\IMG\left_2019_07_01_23_06_19_169.jpg,E:\CTTC_AI_AND_ML\project\car_data\IMG\right_2019_07_01_23_06_19_169.jpg,0,0,0,16.5268
E:\CTTC_AI_AND_ML\project\car_data\IMG\center_2019_07_01_23_06_19_486.jpg,E:\CTTC_AI_AND_ML\project\car_data\IMG\left_2019_07_01_23_06_19_486.jpg,E:\CTTC_AI_AND_ML\project\car_data\IMG\right_2019_07_01_23_06_19_486.jpg,0,0,0,16.18677
E:\CTTC_AI_AND_ML\project\car_data\IMG\center_2019_07_01_23_06_19_692.jpg,E:\CTTC_AI_AND_ML\project\car_data\IMG\left_2019_07_01_23_06_19_692.jpg,E:\CTTC_AI_AND_ML\project\car_data\IMG\right_2019_07_01_23_06_19_692.jpg,0.5000001,0,0,15.75817
E:\CTTC_AI_AND_ML\project\car_data\IMG\center_2019_07_01_23_06_19_771.jpg,E:\CTTC_AI_AND_ML\project\car_data\IMG\left_2019_07_01_23_06_19_771.jpg,E:\CTTC_AI_AND_ML\project\car_data\IMG\right_2019_07_01_23_06_19_771.jpg,1,0,0,15.4774
E:\CTTC_AI_AND_ML\project\car_data\IMG\center_2019_07_01_23_06_20_080.jpg,E:\CTTC_AI_AND_ML\project\car_data\IMG\left_2019_07_01_23_06_20_080.jpg,E:\CTTC_AI_AND_ML\project\car_data\IMG\right_2019_07_01_23_06_20_080.jpg,0,0,0,14.51278
E:\CTTC_AI_AND_ML\project\car_data\IMG\center_2019_07_01_23_06_20_290.jpg,E:\CTTC_AI_AND_ML\project\car_data\IMG\left_2019_07_01_23_06_20_290.jpg,E:\CTTC_AI_AND_ML\project\car_data\IMG\right_2019_07_01_23_06_20_290.jpg,0,0,0,14.21771
E:\CTTC_AI_AND_ML\project\car_data\IMG\center_2019_07_01_23_06_20_503.jpg,E:\CTTC_AI_AND_ML\project\car_data\IMG\left_2019_07_01_23_06_20_503.jpg,E:\CTTC_AI_AND_ML\project\car_data\IMG\right_2019_07_01_23_06_20_503.jpg,0,0,0,14.43714
E:\CTTC_AI_AND_ML\project\car_data\IMG\center_2019_07_01_23_06_20_696.jpg,E:\CTTC_AI_AND_ML\project\car_data\IMG\left_2019_07_01_23_06_20_696.jpg,E:\CTTC_AI_AND_ML\project\car_data\IMG\right_2019_07_01_23_06_20_696.jpg,0,0,0,14.1509
E:\CTTC_AI_AND_ML\project\car_data\IMG\center_2019_07_01_23_06_20_903.jpg,E:\CTTC_AI_AND_ML\project\car_data\IMG\left_2019_07_01_23_06_20_903.jpg,E:\CTTC_AI_AND_ML\project\car_data\IMG\right_2019_07_01_23_06_20_903.jpg,0,0,0,13.83393
E:\CTTC_AI_AND_ML\project\car_data\IMG\center_2019_07_01_23_06_21_113.jpg,E:\CTTC_AI_AND_ML\project\car_data\IMG\left_2019_07_01_23_06_21_113.jpg,E:\CTTC_AI_AND_ML\project\car_data\IMG\right_2019_07_01_23_06_21_113.jpg,0,0,0,13.55042
E:\CTTC_AI_AND_ML\project\car_data\IMG\center_2019_07_01_23_06_21_317.jpg,E:\CTTC_AI_AND_ML\project\car_data\IMG\left_2019_07_01_23_06_21_317.jpg,E:\CTTC_AI_AND_ML\project\car_data\IMG\right_2019_07_01_23_06_21_317.jpg,0,0,0,13.2736
E:\CTTC_AI_AND_ML\project\car_data\IMG\center_2019_07_01_23_06_21_514.jpg,E:\CTTC_AI_AND_ML\project\car_data\IMG\left_2019_07_01_23_06_21_514.jpg,E:\CTTC_AI_AND_ML\project\car_data\IMG\right_2019_07_01_23_06_21_514.jpg,0,0,0,13.00534
E:\CTTC_AI_AND_ML\project\car_data\IMG\center_2019_07_01_23_06_21_733.jpg,E:\CTTC_AI_AND_ML\project\car_data\IMG\left_2019_07_01_23_06_21_733.jpg,E:\CTTC_AI_AND_ML\project\car_data\IMG\right_2019_07_01_23_06_21_733.jpg,0,0,0,12.16147
